,0,1,2,3,4,5,6,7,8,9,10,11,12,13,14,15,16,17,18,19,20,21,22,23,24,25,26,27,28,29,30,31,32,33,34,35,36,37,38,39,40,41,42,43,44,45,46,47,48,49,50,51,52,53,54,55,56,57,58,59,60,61,62,63,64,65,66,67,68,69,70,71,72,73,74,75,76,77,78,79,80,81,82,83,84,85,86,87,88,89,90,91,92,93,94,95,96,97,98,99,100,101,102,103,104,105,106,107,108,109,110,111,112,113,114,115,116,117,118,119,120,121,122,123,124,125,126,127
POST_F240445_23_21_R.jpg,0.021929172798991203,0.02550228126347065,-0.036075204610824585,0.024831371381878853,0.0751701071858406,0.06042147055268288,0.04909571632742882,0.14658086001873016,-0.09498018026351929,-0.13832637667655945,0.030465586110949516,0.007804666180163622,0.06078818812966347,-0.11265341192483902,0.15747623145580292,-0.06590890139341354,-0.0628870502114296,-0.051942795515060425,-0.005364757031202316,0.024438949301838875,0.02840016596019268,0.0929812490940094,-0.004645410925149918,0.16213229298591614,-0.21610191464424133,0.10116471350193024,0.08064534515142441,-0.015378087759017944,0.2807358205318451,0.05910800024867058,-0.027296151965856552,0.02688668668270111,0.038693446666002274,-0.014899835921823978,0.06361393630504608,0.0010914003942161798,-0.015128693543374538,0.07994281500577927,0.12429659068584442,0.018555898219347,-0.07095035165548325,0.05001624673604965,-0.08996265381574631,-0.05406824126839638,-0.0537959523499012,-0.02518397383391857,0.06840156763792038,-0.017991937696933746,0.039691776037216187,-0.08179674297571182,0.15781041979789734,0.15570175647735596,0.001728507922962308,-0.05943385511636734,-0.07175106555223465,0.08494137227535248,0.06901370733976364,0.09853152185678482,0.01620260626077652,0.1134711429476738,-0.012215866707265377,0.009333387017250061,-0.17073911428451538,0.09871526807546616,-0.04667056351900101,0.08986083418130875,-0.03106280229985714,-0.017386462539434433,0.09376994520425797,-0.14148558676242828,-0.01222066767513752,-0.044156089425086975,-0.04961065575480461,-0.168477863073349,0.038193292915821075,0.04062571004033089,0.055662211030721664,0.16585668921470642,-0.11326263099908829,0.32062283158302307,-0.01470091100782156,0.10045329481363297,0.14396549761295319,-0.10071593523025513,-0.1402038335800171,0.018824808299541473,-0.027869299054145813,0.006981393322348595,0.06164747104048729,-0.05553702265024185,-0.16747963428497314,0.03221721947193146,-0.04882258549332619,0.019334567710757256,0.0573427751660347,-0.07409819960594177,-0.04466128349304199,-0.0586673803627491,-0.0018689254065975547,0.05822514370083809,-0.04956010729074478,-0.09126580506563187,-0.12157705426216125,0.07030678540468216,-0.07413085550069809,0.04536765068769455,-0.07779484242200851,0.04533335193991661,-0.06187700480222702,0.0664709284901619,0.015979107469320297,-0.09606008231639862,0.08815700560808182,-0.05758589506149292,0.09947867691516876,-0.021406838670372963,0.06917794793844223,-0.15556132793426514,0.07806310802698135,-0.04216955602169037,0.0699881836771965,0.0780869796872139,0.11391867697238922,0.06945796310901642,0.0422736257314682,0.08822792023420334,-0.025677068158984184,0.03276641294360161
POST_F240447_23_21_R.jpg,-0.03043021634221077,0.08511047810316086,-0.05429393798112869,-0.013707575388252735,-0.0399494543671608,0.08373326063156128,0.2011319249868393,0.18222008645534515,-0.10954388231039047,0.04541143402457237,0.035263773053884506,-0.03338281810283661,0.024164389818906784,0.017296751961112022,-0.005288275424391031,0.03241844102740288,-0.10197412222623825,0.151097372174263,-0.12513874471187592,-0.12313052266836166,-0.015338855795562267,0.08187200129032135,0.01951395906507969,-0.007099649868905544,0.11503299325704575,-0.011759631335735321,-0.046264179050922394,-0.0785415768623352,-0.020815199241042137,0.12002265453338623,0.09673918038606644,0.06315114349126816,0.0835174024105072,0.10754026472568512,0.09470738470554352,-0.11806420981884003,-0.11148633807897568,-0.013850734569132328,-0.018651407212018967,0.03243941441178322,-0.09172841161489487,-0.02525072731077671,0.026975883170962334,0.050841011106967926,-0.023722682148218155,0.15017127990722656,0.11907783150672913,0.18731671571731567,0.20519152283668518,0.04428192973136902,0.05578308925032616,-0.09742070734500885,-0.06532316654920578,-0.035272017121315,-0.0029727122746407986,0.06298911571502686,-0.07295089215040207,-0.09817203879356384,-0.17165881395339966,-0.0715193897485733,0.132150337100029,-0.00022132474987301975,0.07041914016008377,0.06006736308336258,-0.02192993275821209,0.08364209532737732,0.10221527516841888,0.1253913789987564,0.022268224507570267,-0.1304101198911667,-0.06281428039073944,0.0006439043791033328,-0.048655230551958084,-0.1799822896718979,-0.043233148753643036,0.04174141585826874,-0.09307492524385452,0.13539214432239532,-0.24859970808029175,0.02243969589471817,0.08158993721008301,0.1084735170006752,0.011629801243543625,-0.027363335713744164,-0.047903262078762054,0.10321246832609177,-0.07573997974395752,0.14021195471286774,0.12918689846992493,-0.11699362844228745,-0.08547607064247131,0.025357918813824654,-0.03204888105392456,-0.08377598226070404,0.025868728756904602,-0.09608903527259827,0.053335174918174744,-0.06050385907292366,-0.0063906158320605755,0.04864820837974548,0.017406847327947617,0.013603943400084972,0.015095152892172337,-0.0183376707136631,0.06489386409521103,-0.16655921936035156,-0.09200955927371979,0.12232491374015808,0.0004407739615999162,0.1289968192577362,-0.11585341393947601,0.06668046861886978,-0.010005953721702099,-0.08480260521173477,0.0626065656542778,0.019269999116659164,0.036798857152462006,0.05510687455534935,-0.10124203562736511,-0.01989433541893959,0.03170017525553703,-0.04263370856642723,-0.10026120394468307,0.1748124063014984,0.030599655583500862,-0.06389748305082321,-0.023761773481965065,0.11240068078041077
POST_F240453_23_21_R.jpg,0.07049544155597687,-0.028448227792978287,-0.06024572625756264,-0.04636885225772858,-0.09485124051570892,0.0027875988744199276,0.03298448771238327,0.2054310292005539,-0.005678712390363216,-0.010885064490139484,0.035249605774879456,0.12579821050167084,0.008083413355052471,-0.06240570545196533,-0.037746675312519073,-0.0755295529961586,-0.10711366683244705,-0.08928878605365753,0.015173674561083317,0.05893709883093834,0.17390497028827667,0.030624952167272568,-0.034785281866788864,0.11873213946819305,-0.11024226248264313,-0.013467283919453621,0.09332741051912308,0.020283767953515053,0.13987809419631958,0.07262232899665833,-0.05042382702231407,0.03301107883453369,-0.15363599359989166,0.021040014922618866,0.08553840219974518,0.016225142404437065,0.06832811236381531,-0.11765462160110474,0.11699593812227249,0.125274196267128,-0.09758242964744568,-0.03204772248864174,-0.13085806369781494,0.03262189403176308,0.09124366194009781,0.028961334377527237,-0.01040534395724535,-0.048686180263757706,0.036979738622903824,-0.07294140011072159,0.1954130083322525,0.046681299805641174,0.14463110268115997,0.10105706006288528,-0.1543659269809723,0.06143556162714958,0.0585540272295475,-0.029061654582619667,-0.013026106171309948,-0.019079621881246567,0.00443477975204587,0.13777495920658112,-0.01355838868767023,0.07077790796756744,-0.15166008472442627,0.06159688159823418,0.0540408119559288,0.09223918616771698,0.009949802421033382,-0.13526873290538788,0.013337777927517891,-0.007285870146006346,-0.09223280847072601,-0.12064269185066223,0.010004004463553429,0.052257951349020004,0.03283844515681267,0.034818269312381744,-0.19941438734531403,0.021546494215726852,0.12799504399299622,0.047737862914800644,0.0936669111251831,0.046811580657958984,-0.12547142803668976,0.007635046262294054,0.0744037851691246,-0.043653152883052826,0.09440124779939651,-0.2225399613380432,-0.13655930757522583,0.038641396909952164,-0.14894573390483856,-0.0024767837021499872,0.006138937082141638,0.04148893058300018,-0.001553671550936997,-0.03269931674003601,0.06795594841241837,-0.12380107492208481,0.061266422271728516,0.013267111033201218,-0.035519327968358994,-0.08605208992958069,0.16741807758808136,-0.13436023890972137,-0.04327528178691864,0.11972706764936447,0.04669257998466492,0.02956816367805004,-0.12480559200048447,-0.0819501057267189,-0.035837821662425995,-0.07185858488082886,0.12088610231876373,0.06896648555994034,-0.01504371128976345,-0.06346569210290909,-0.07528464496135712,0.01477543544024229,-0.04571639373898506,0.11673448234796524,0.053244855254888535,-0.028166459873318672,0.21189571917057037,0.1014113649725914,-0.010916254483163357,-0.14514875411987305
POST_F240454_23_21_L.jpg,0.04521937295794487,-0.04072993993759155,0.028085337951779366,-0.009317493066191673,0.08636976778507233,-0.00393153028562665,0.07229533046483994,0.09072744846343994,0.014601456932723522,0.1192941814661026,-0.08035368472337723,-0.010842304676771164,0.058126553893089294,-0.12281426042318344,-0.04988514631986618,0.05109741538763046,-0.07249576598405838,0.16443608701229095,-0.055765021592378616,0.10186518728733063,0.008111350238323212,0.08729081600904465,0.17189839482307434,0.021834958344697952,-0.09424266219139099,0.04888125881552696,-0.11629794538021088,-0.035392265766859055,-0.06534607708454132,0.08693809062242508,0.0388827808201313,0.05104895681142807,0.044207070022821426,0.0681101605296135,0.16125592589378357,-0.11704733967781067,0.10705363750457764,0.06811019033193588,0.013538749888539314,0.07538697868585587,0.014066298492252827,0.014183047227561474,0.05729864165186882,-0.07226519286632538,-0.1485644280910492,0.0048849936574697495,0.1630721092224121,-0.05583683028817177,0.023201560601592064,0.017832497134804726,0.12247733026742935,0.045449960976839066,0.10930317640304565,-0.10933884233236313,-0.1443370282649994,0.05266531556844711,-0.038817889988422394,-0.07895577698945999,0.03878498449921608,-0.0698099210858345,-0.04190501570701599,0.12632116675376892,-0.03941236063838005,0.010619892738759518,0.09961727261543274,-0.07977308332920074,0.031837381422519684,0.09984178096055984,0.16616864502429962,-0.04056619480252266,-0.08412880450487137,-0.1473921537399292,-0.02694895677268505,-0.08726201206445694,-0.03989949822425842,0.06572334468364716,-0.055279746651649475,0.1294371485710144,-0.1627260148525238,0.21633277833461761,-0.021013861522078514,0.15343323349952698,0.07886283099651337,-0.17450407147407532,-0.01669500768184662,-0.019854579120874405,0.12774109840393066,0.08415009826421738,0.01106604840606451,-0.10467192530632019,-0.08138987421989441,-0.0016064007068052888,-0.07166776806116104,-0.043372586369514465,-0.031237419694662094,-0.1144048199057579,-0.013622837141156197,0.04793648049235344,-0.03336792066693306,-0.03260770067572594,-0.013135307468473911,-0.16862979531288147,-0.05977196618914604,-0.021723834797739983,0.02770574390888214,-0.19445538520812988,-0.1581384688615799,0.0960758700966835,-0.1101049855351448,0.033311352133750916,-0.009519615210592747,0.07897043228149414,0.10700021684169769,-0.1017565056681633,0.05489012971520424,-0.006515109445899725,-0.1101987287402153,-0.024753937497735023,-0.13081865012645721,0.02782171592116356,-0.002292017452418804,-0.09841343015432358,-0.0019118593772873282,0.10448435693979263,-0.05235118791460991,0.15547573566436768,-0.12433484941720963,0.11024871468544006
POST_F240455_23_21_R.jpg,0.08796494454145432,-0.01906220242381096,-0.032505132257938385,0.08481918275356293,-0.02355535700917244,-0.00937181618064642,-0.018824342638254166,0.11408726871013641,0.019979150965809822,-0.028856640681624413,0.12025555223226547,-0.08059003204107285,0.09451272338628769,-0.02642936259508133,-0.02153771184384823,-0.046207766979932785,0.058372385799884796,0.06109466403722763,-0.07689595967531204,-0.08988983184099197,0.08977115899324417,0.12670201063156128,0.14939096570014954,0.04769008606672287,-0.0392267070710659,0.15687169134616852,0.05190826207399368,-0.09124287217855453,0.09466841071844101,0.03870091587305069,0.010118282400071621,0.026380598545074463,-0.09894319623708725,0.042692311108112335,0.053213272243738174,-0.13438796997070312,0.06562864780426025,-0.09245413541793823,0.01672029122710228,0.015801705420017242,0.065448097884655,0.03787004202604294,-0.005754211451858282,0.05952535942196846,-0.012808708474040031,-0.023298097774386406,0.17941536009311676,-0.12485750019550323,-0.0001465441018808633,-0.03405075892806053,0.1585836410522461,0.06322582066059113,0.018651068210601807,-0.10212436318397522,-0.06808175891637802,0.1599627435207367,0.09757354855537415,-0.13364872336387634,0.05827489122748375,0.12025394290685654,-0.027964580804109573,0.043798480182886124,-0.019019324332475662,-0.00896136648952961,-0.028225544840097427,0.005600832402706146,-0.009033938869833946,0.19342394173145294,0.025214822962880135,-0.053258758038282394,0.03419706970453262,0.02265067771077156,-0.026192890480160713,-0.18163001537322998,0.06346185505390167,-0.002025004243478179,0.1267767995595932,0.07581783086061478,-0.12232061475515366,0.04092809930443764,-0.11128632724285126,0.043049510568380356,0.04731176793575287,0.04280238226056099,0.03841980919241905,0.03231407329440117,0.08468347042798996,-0.15216170251369476,0.0803854689002037,-0.13875269889831543,-0.038223158568143845,-0.004353192634880543,0.04232868179678917,-0.03337571397423744,0.1508929282426834,0.09240461140871048,0.0011502457782626152,-0.06632942706346512,0.034662242978811264,-0.014124146662652493,-0.10713840276002884,-0.14489294588565826,-0.1576593816280365,-0.04330053925514221,0.06401406973600388,-0.045549891889095306,-0.0941968709230423,0.18808655440807343,0.024427523836493492,0.05563514307141304,-0.07570226490497589,-0.03251146525144577,-0.03660969436168671,0.015982257202267647,0.173111692070961,0.05169904604554176,-0.07018566131591797,-0.03650932386517525,-0.1628420054912567,-0.2022467851638794,-0.01527981273829937,0.0669322982430458,0.17065677046775818,0.065435491502285,0.17929553985595703,0.17126679420471191,-0.12730883061885834,-0.10846655070781708
POST_F240457_23_21_R.jpg,-0.05664021894335747,-0.03762185573577881,-0.04340413585305214,-0.09273771196603775,-0.09772925078868866,-0.053118590265512466,0.03320593759417534,0.18477880954742432,-0.050559695810079575,0.10968734323978424,0.0012187933316454291,0.02721523307263851,-0.03976365923881531,-0.06468942016363144,0.02318650111556053,0.07726334035396576,-0.09321645647287369,0.10009504854679108,-0.09420032054185867,0.06718765199184418,0.05477356165647507,0.12378910183906555,0.07755652815103531,0.059603411704301834,-0.030207514762878418,0.027622291818261147,-0.11557645350694656,0.053034618496894836,0.07057006657123566,0.01045397948473692,-0.017234643921256065,0.13888616859912872,-0.05042237788438797,0.0009239501086995006,0.1421625167131424,-0.1010400652885437,0.032041385769844055,-0.07139874994754791,-0.04403037950396538,0.09653859585523605,0.04443180561065674,0.06249197944998741,0.03309758007526398,-0.09957540035247803,0.028470033779740334,0.09516453742980957,0.12927739322185516,0.06969921290874481,-0.06897206604480743,0.06859003752470016,0.08914057165384293,0.05442453548312187,0.03283901885151863,-0.14176885783672333,-0.07493496686220169,0.014414425007998943,0.016705680638551712,-0.18470339477062225,-0.011376206763088703,-0.11685431003570557,-0.010510798543691635,0.25849437713623047,0.05378751829266548,0.004529427736997604,0.008147339336574078,-0.019992249086499214,0.01758994348347187,0.17542441189289093,0.10015281289815903,-0.05870731174945831,-0.19666585326194763,-0.07182587683200836,-0.05852888897061348,-0.10633567720651627,0.04027099162340164,0.021772975102066994,0.0822242721915245,0.07908131182193756,-0.1330314576625824,0.14938019216060638,-0.055534303188323975,0.07259347289800644,0.07515553385019302,-0.166977196931839,-0.01859970949590206,0.013539939187467098,0.1706986278295517,0.05591767653822899,0.018891094252467155,-0.03383535519242287,-0.03281791880726814,-0.0650753527879715,-0.005411820951849222,-0.08940214663743973,0.02026807703077793,-0.09174603223800659,-0.06370997428894043,-0.03764549642801285,0.05966462567448616,0.10601083189249039,-0.12457471340894699,-0.08372046053409576,-0.039800409227609634,0.04470086470246315,0.18794462084770203,-0.2210392951965332,-0.07789305597543716,0.04563944786787033,-0.03571414574980736,0.0596291646361351,-0.09037137031555176,0.06792619079351425,0.018658215180039406,-0.07398170232772827,0.08481652289628983,-0.061680570244789124,0.0077568357810378075,0.08411749452352524,-0.2151581048965454,0.07443097978830338,-0.12816575169563293,-0.0594962053000927,0.007300224155187607,-0.0648207813501358,-0.012396038509905338,0.0814976915717125,-0.12777100503444672,0.08110450953245163
POST_F240459_23_21_L.jpg,0.01199739146977663,0.011514834128320217,-0.0048433756455779076,0.08476507663726807,-0.1209283098578453,0.05300081521272659,0.005396625492721796,0.2121918648481369,-0.05835805460810661,-0.11039447784423828,0.07031463086605072,-0.00812878180295229,-0.040309540927410126,-0.05266527831554413,0.049974553287029266,-0.007298784796148539,-0.020494118332862854,-0.012165694497525692,-0.03459621220827103,0.01849999465048313,0.17010429501533508,0.09675609320402145,0.04212873801589012,0.15891100466251373,-0.05407053232192993,0.04760929197072983,0.0004435266018845141,0.012782544828951359,0.1676364541053772,0.011910485103726387,-0.1271394044160843,0.13420222699642181,-0.13966874778270721,0.037726834416389465,0.06813620030879974,0.02051478624343872,0.04525430500507355,0.06973712146282196,0.04059581086039543,-0.07901961356401443,0.025018012151122093,0.023917023092508316,-0.06173714995384216,0.030059125274419785,0.06877801567316055,0.016232972964644432,0.10694380849599838,0.027901438996195793,0.018151193857192993,-0.15887781977653503,0.18975840508937836,-0.00686270697042346,0.1595335155725479,-0.08029273897409439,-0.1958034336566925,0.12530972063541412,0.0444880835711956,-0.011462356895208359,-0.012526627629995346,0.005456083919852972,-0.1491491198539734,0.1081007868051529,-0.14785413444042206,0.17929381132125854,-0.08226171135902405,0.08444884419441223,-0.028351379558444023,0.18043705821037292,0.12475411593914032,-0.041173841804265976,0.06423712521791458,-0.06887245178222656,-0.062390390783548355,-0.17792005836963654,-0.01770489104092121,-0.009074279107153416,0.11247248202562332,0.13196565210819244,-0.21296638250350952,0.21690331399440765,-0.04368443042039871,0.04420096054673195,0.07470902800559998,-0.11838506162166595,0.03602780029177666,0.06656584143638611,0.03145058453083038,0.006973346695303917,0.01593729853630066,0.0118698226287961,-0.012245195917785168,0.033362191170454025,-0.10449909418821335,-0.00467207795009017,-0.020514333620667458,-0.007855712436139584,-0.029072972014546394,-0.037960875779390335,0.0039027682505548,0.17583319544792175,-0.023356223478913307,-0.06258347630500793,-0.008371127769351006,-0.024201756343245506,0.08907874673604965,0.04166346788406372,-0.03993948921561241,0.05675485357642174,0.05294490233063698,-0.06423833966255188,-0.0008747359388507903,0.04138655960559845,0.054777830839157104,-0.0900619626045227,0.1431320160627365,0.06513014435768127,0.047935739159584045,-0.054894037544727325,-0.11065651476383209,-0.04215196892619133,-0.02521740086376667,0.1350272297859192,-0.02414577640593052,-0.10160795599222183,0.12191320210695267,0.06991603970527649,-0.15045735239982605,-0.04047379270195961
POST_F240460_23_21_R.jpg,-0.10247953981161118,0.05825405195355415,-0.12046607583761215,-0.029688186943531036,0.019385889172554016,0.06274520605802536,0.04241156578063965,0.23312488198280334,-0.08926491439342499,-0.09831345081329346,-0.004028305411338806,0.04291468858718872,0.12265624850988388,-0.010350625030696392,0.04937503859400749,-0.10654809325933456,-0.0652928277850151,0.05599961802363396,-0.05600220710039139,0.042112797498703,-0.028157508000731468,0.12741655111312866,0.013204979710280895,0.04979133978486061,-0.1163492351770401,0.034890271723270416,-0.02288459613919258,-0.07568713277578354,0.2330797165632248,0.09487941861152649,-0.003426693147048354,0.18177609145641327,0.009071935899555683,-0.01622612215578556,0.12493640929460526,-0.03172791004180908,-0.09504354000091553,-0.04391370341181755,0.000401095807319507,-0.0020978529937565327,-0.12083727866411209,0.07702241837978363,0.05508749186992645,0.02029178850352764,0.009582282975316048,0.03879523277282715,0.07884875684976578,0.016978934407234192,0.027928302064538002,-0.15056508779525757,0.053813934326171875,0.07534026354551315,0.02902160957455635,-0.10139011591672897,-0.0755922719836235,0.07526396960020065,0.040127694606781006,0.03358091786503792,-0.04301714524626732,0.08159663528203964,-0.10124833136796951,0.08641361445188522,-0.16510848701000214,0.11512187868356705,-0.05790088325738907,0.03220253437757492,0.005740304011851549,0.17014501988887787,0.17474216222763062,-0.130788654088974,-0.06932339072227478,-0.033481989055871964,-0.07061661779880524,-0.204726904630661,0.011081529781222343,0.05087151750922203,0.10249494761228561,0.16031819581985474,-0.18011833727359772,0.196065753698349,0.0394987054169178,0.05135577917098999,0.16088828444480896,-0.06326189637184143,-0.11394654214382172,0.11047907173633575,-0.012267742305994034,0.026045771315693855,-0.003254224080592394,-0.05671537294983864,-0.03461262583732605,-0.048859283328056335,0.02856404520571232,-0.006753069348633289,0.058213986456394196,-0.11757881194353104,-0.03076798841357231,-0.07172700017690659,0.041523415595293045,0.07957381010055542,0.012548898346722126,-0.10615482926368713,-0.07141664624214172,0.15054886043071747,0.0059460727497935295,-0.05808970332145691,-0.07258205860853195,0.022244621068239212,-0.07527581602334976,0.022440264001488686,-0.10005933791399002,-0.09367109090089798,0.027981912717223167,-0.10549335181713104,0.15778248012065887,-0.04662420228123665,0.11071375012397766,-0.028174972161650658,-0.14034338295459747,-0.013273770920932293,-0.01782860979437828,0.009983191266655922,0.1136704608798027,0.02159946784377098,0.04220829904079437,0.106045663356781,-0.04969491809606552,0.10545361787080765
POST_F240461_23_21_R.jpg,-0.12440582364797592,0.0012492862297222018,0.012457513250410557,0.0653403177857399,-0.09103012830018997,0.1556050032377243,-0.011195491999387741,0.19458165764808655,-0.07245703786611557,-0.04304787144064903,0.13395100831985474,0.018117165192961693,0.005196251440793276,-0.048349037766456604,0.025272853672504425,0.09278213232755661,-0.042932506650686264,0.13665811717510223,-0.12615437805652618,0.05731014162302017,0.10686514526605606,0.1080261617898941,0.08207576721906662,0.17692971229553223,-0.011909368447959423,0.09953967481851578,-0.0706353560090065,-0.06748106330633163,0.16240178048610687,-0.06535038352012634,0.07111989706754684,0.09964492917060852,-0.06447606533765793,0.06574776023626328,0.2095905989408493,-0.03856891393661499,0.08000637590885162,0.013836490921676159,-0.14024612307548523,-0.00016759723075665534,-0.025858601555228233,0.0511416494846344,-0.007076126057654619,-0.034179043024778366,-0.027657601982355118,0.05876334756612778,0.20108464360237122,0.05004907771945,0.04647048935294151,-0.013209732249379158,0.13344518840312958,0.05906952545046806,0.01968158222734928,0.0002361367951380089,-0.030802669003605843,0.14503446221351624,0.00926953088492155,-0.1364850401878357,-0.028720688074827194,-0.1062164232134819,2.7622432753560133e-05,0.10930238664150238,0.045429520308971405,-0.0711616650223732,0.030814407393336296,0.07295215874910355,-0.08293889462947845,0.1749832183122635,0.0326775498688221,-0.006776300258934498,-0.02036496438086033,-0.016616452485322952,-0.04102940112352371,-0.09886667132377625,0.01927541382610798,0.07233104854822159,0.07861989736557007,0.1604834794998169,-0.20116141438484192,0.2299749106168747,-0.03720943629741669,-0.011816959828138351,0.07618586719036102,-0.15238618850708008,-0.024503450840711594,0.0092995036393404,0.03965204581618309,0.1345246136188507,0.012142354622483253,-0.10563195496797562,-0.06603115797042847,-0.06673847883939743,-0.06309699267148972,-0.09996628016233444,0.037238709628582,-0.16494807600975037,-0.013597902841866016,-0.014145833440124989,-0.009898988530039787,0.11552319675683975,-0.10483352839946747,0.016064902767539024,0.014939513988792896,-0.04056869074702263,0.1073424369096756,-0.10812235623598099,-0.0016199948731809855,0.21051040291786194,-0.058597564697265625,0.07762362062931061,-0.0206211619079113,-0.029185689985752106,0.05161768198013306,-0.0777399018406868,0.043778758496046066,-0.08718928694725037,0.07133111357688904,0.02655831165611744,-0.1929475963115692,-0.03118027001619339,0.03277113288640976,0.00555802695453167,-0.0023498705122619867,-0.03931182995438576,-0.02915865369141102,0.020131830126047134,-0.07698337733745575,0.006632441654801369
POST_F240463_23_21_L.jpg,-0.001372255035676062,0.043245598673820496,-0.1263563185930252,-0.024351581931114197,0.0007818485028110445,0.09866271913051605,0.025950204581022263,0.16036063432693481,-0.11766958981752396,-0.016892366111278534,-0.014139979146420956,-0.06515171378850937,0.06397969275712967,-0.12748315930366516,0.06734663993120193,0.10670646280050278,-0.044393427670001984,0.20391874015331268,-0.043769098818302155,0.00019971617439296097,0.004230951424688101,-0.004175976850092411,0.04185543954372406,0.15439681708812714,-0.127391055226326,-0.05339794233441353,-0.013781758956611156,-0.0314197912812233,0.08186449855566025,0.15130513906478882,0.05454709380865097,0.09767424315214157,-0.026008233428001404,0.12974926829338074,0.005020499229431152,-0.11512704938650131,-0.005906932521611452,-0.03334662690758705,0.09310993552207947,-0.07239919155836105,0.04422297328710556,0.07294950634241104,0.015103131532669067,-0.12161007523536682,0.016219502314925194,0.16159020364284515,0.10370951145887375,0.019974974915385246,0.06242383271455765,0.06477193534374237,0.1868288516998291,0.05165613815188408,0.003980991430580616,-0.08794110268354416,-0.07898953557014465,0.005225436761975288,-0.05940772220492363,-0.0591186061501503,-0.1772065907716751,-0.03766212239861488,0.054044194519519806,-0.05192660167813301,-0.008626285009086132,0.016485048457980156,-0.029005050659179688,0.1754985898733139,0.07735192030668259,0.05306762456893921,0.1306641697883606,-0.12762358784675598,-0.07041481137275696,-0.10229352116584778,-0.10294552147388458,-0.16840222477912903,-0.05940987542271614,0.04484489560127258,-0.018156662583351135,0.06816599518060684,-0.22701454162597656,0.08266216516494751,0.04484077915549278,0.11320514976978302,0.15066291391849518,-0.030718868598341942,0.10823504626750946,0.036073897033929825,-0.027968358248472214,0.04770616069436073,0.12624318897724152,-0.010197960771620274,-0.1512661725282669,-0.004087647423148155,-0.08689852803945541,0.0434434711933136,0.19930094480514526,0.06506717950105667,-0.004782678559422493,-0.006030116230249405,0.08380384743213654,0.09696748107671738,-0.019435882568359375,-0.04000072926282883,0.09359665960073471,-0.002126504899933934,0.06375495344400406,-0.14339923858642578,-0.030704567208886147,0.044932473450899124,-0.04586820676922798,0.0309087336063385,0.056034527719020844,-0.057800766080617905,0.026538467034697533,-0.21296152472496033,0.08718719333410263,-0.00095630984287709,-0.1531911939382553,0.007263723760843277,-0.07290860265493393,-0.12550926208496094,0.042618900537490845,-0.006677423138171434,-0.019356589764356613,0.12375572323799133,0.0005115191452205181,0.08688729256391525,-0.09344913065433502,0.0748048946261406
POST_F240464_23_21_L.jpg,0.00030360373784787953,-0.07263403385877609,-0.11888950318098068,-0.08455245941877365,-0.005979812704026699,0.05615730583667755,0.0867946445941925,0.1695878803730011,-0.07119715958833694,-0.05236783251166344,-0.04137079417705536,0.018974309787154198,0.08643165230751038,-0.184404194355011,0.029643388465046883,0.01711248978972435,-0.1763712465763092,0.022863026708364487,-0.15980832278728485,0.10932734608650208,0.05872095376253128,0.08653998374938965,-0.0349348783493042,0.1904861032962799,-0.18031039834022522,-0.053886640816926956,0.006349384784698486,-0.1147955060005188,0.12138209491968155,0.06769250333309174,0.11755004525184631,0.10465732216835022,-0.02066260576248169,0.06423282623291016,0.11431583762168884,-0.08743220567703247,0.023399200290441513,0.008020801469683647,0.11058995872735977,0.06414201855659485,-0.05507950484752655,0.15803587436676025,-0.05290523171424866,-0.14096134901046753,-0.009492848999798298,0.08941615372896194,0.004607129842042923,-0.05720650777220726,0.00715189054608345,0.0847262591123581,0.11979881674051285,0.11172162741422653,0.04550149291753769,0.0008255939465016127,0.08091679215431213,-0.001513932948000729,0.0700516551733017,-0.031030181795358658,-0.08615455031394958,-0.06375569850206375,-0.024762049317359924,0.0031991139985620975,0.0045890505425632,-0.06268062442541122,0.04347679018974304,-0.005926989484578371,0.06331319361925125,0.015183188021183014,-0.004315870814025402,-0.18359598517417908,-0.03382846340537071,0.09980302304029465,0.02730720303952694,-0.2340703159570694,-0.01631975546479225,0.021948453038930893,-0.052840445190668106,0.058882467448711395,-0.17921006679534912,0.1270042359828949,-0.030724849551916122,0.0544234924018383,0.07982626557350159,-0.0032816489692777395,0.01765848509967327,-0.003328015562146902,0.08923730254173279,0.07212712615728378,0.12933222949504852,-0.08381486684083939,-0.23317576944828033,-0.06740720570087433,-0.08521629869937897,-0.022657083347439766,0.1284964680671692,-0.0007124391268007457,0.019542131572961807,-0.014760262332856655,0.12637534737586975,-0.047400057315826416,-0.09805907309055328,-0.07802359759807587,-0.1252252459526062,0.06862376630306244,0.04499981924891472,-0.15426479279994965,0.020194821059703827,0.03210477530956268,-0.08872245252132416,-0.005328672006726265,-0.06065509840846062,-0.12729598581790924,-0.03260839357972145,-0.10014994442462921,0.057322368025779724,-0.06399982422590256,-0.005665829870849848,-0.1444220095872879,-0.08022040128707886,-0.06015627831220627,-0.00393426651135087,-0.01008592639118433,0.00979591067880392,0.11974307149648666,0.08825726807117462,-0.055729493498802185,-0.13657058775424957,-0.07913291454315186
POST_F240465_23_21_L.jpg,0.0064188819378614426,-0.03493693843483925,-0.06350225955247879,-0.12276075035333633,-0.17783701419830322,0.07692012190818787,-0.05522911250591278,0.1644391119480133,0.02935211732983589,-0.06534568965435028,0.06563492119312286,-0.12116048485040665,0.07793862372636795,-0.13768886029720306,0.024536680430173874,-0.08203373104333878,-0.035415761172771454,0.05083983764052391,-0.03787443786859512,-0.05994760990142822,0.07313179969787598,0.06279817968606949,0.0030143859330564737,0.22171364724636078,-0.10532136261463165,-0.1186937466263771,0.03458811342716217,-0.15441358089447021,0.10536784678697586,0.16068042814731598,0.1090770736336708,0.07535935938358307,-0.08238277584314346,0.021922221407294273,0.02137448638677597,-0.04399160295724869,0.04895392432808876,0.07183784991502762,0.07643121480941772,-0.11045903712511063,0.03448665887117386,0.09314844757318497,-0.12948393821716309,-0.15548662841320038,-0.02405061013996601,0.10825679451227188,0.05331198871135712,-0.01636917144060135,0.0005026120925322175,0.07032237201929092,0.17161016166210175,-0.041096270084381104,0.09901991486549377,0.01575477048754692,-0.06746456027030945,0.07006367295980453,-0.024150719866156578,-0.03510797396302223,-0.05741526931524277,-0.02773210220038891,0.08910629898309708,-0.03667489066720009,-0.00750637985765934,0.04621089622378349,-0.043343205004930496,0.11382234841585159,0.006264627445489168,0.1069234237074852,0.07100607454776764,-0.06650596857070923,-0.07149278372526169,-0.04225477948784828,0.00967564806342125,-0.15345244109630585,0.01655089296400547,-0.04646291956305504,0.036476269364356995,-0.0747307762503624,-0.227863147854805,0.052760593593120575,-0.08617628365755081,0.06815823912620544,0.03767560422420502,0.04979291930794716,-0.0476839542388916,-0.015835998579859734,-0.011552674695849419,0.04045357555150986,0.08888924866914749,-0.06193096563220024,-0.04870590940117836,-0.02512485533952713,-0.08590714633464813,0.02459092251956463,0.0076994444243609905,-0.021876702085137367,-0.0520041361451149,-0.09255093336105347,0.15198811888694763,0.09507213532924652,-0.046586792916059494,-0.0826834887266159,0.041009727865457535,-0.060734961181879044,0.10528474301099777,-0.20497523248195648,-0.009031926281750202,0.18171676993370056,-0.02065722830593586,0.05542660877108574,-0.033465877175331116,-0.001484269043430686,0.18164655566215515,-0.12263166904449463,0.11105923354625702,-0.08067359775304794,-0.11098170280456543,-0.031074047088623047,-0.1305943876504898,-0.11477675288915634,-0.027263930067420006,-0.014458411373198032,0.0458550825715065,0.060093969106674194,0.06669332087039948,0.10580821335315704,-0.16327941417694092,-0.16488102078437805
POST_F240466_23_21_L.jpg,0.0018155616708099842,0.05313800275325775,-0.033208854496479034,-0.04776618257164955,-0.013633877970278263,0.08182286471128464,-0.10798045992851257,0.1610035002231598,0.0778830349445343,-0.01945427991449833,0.0360693521797657,-0.0441468320786953,0.05209176987409592,-0.15081731975078583,-0.003690310986712575,0.10934936255216599,-0.0059030610136687756,0.1475944072008133,-0.03648388013243675,-0.0039660632610321045,0.062051884829998016,0.006714424584060907,0.11457822471857071,0.1076824963092804,-0.06978461891412735,0.11476971954107285,-0.0422169454395771,-0.0296651478856802,0.0388617180287838,0.08497826009988785,-0.02752811089158058,0.03866291791200638,-0.04226987436413765,0.08030392974615097,0.18838109076023102,-0.12357930094003677,-0.023696959018707275,0.1893996000289917,0.0577501617372036,-0.005687954369932413,7.234256190713495e-05,0.08349207788705826,0.03250760957598686,-0.11098814755678177,-0.12058816105127335,0.08355739712715149,0.2598203420639038,0.00460550794377923,-0.018158866092562675,-0.10920626670122147,0.08282969892024994,0.08203571289777756,0.1269518882036209,-0.022102128714323044,-0.08359608054161072,0.11399319022893906,-0.006027877796441317,0.012046962976455688,-0.005225214641541243,-0.015671346336603165,0.0031644050031900406,0.03341003507375717,0.03600718826055527,0.10366450995206833,0.08991385251283646,-0.0807102769613266,-0.004944841843098402,0.049875106662511826,0.08578205853700638,0.010716147720813751,-0.020034896209836006,-0.05133749544620514,-0.10603371262550354,-0.08314142376184464,-0.1041732057929039,0.09690171480178833,-0.07883916050195694,0.17126968502998352,-0.22246716916561127,0.17518652975559235,-0.017730724066495895,0.1256314069032669,0.11348062753677368,-0.07188586890697479,-0.0523671954870224,0.017453975975513458,0.07004082202911377,-0.009061623364686966,0.07764231413602829,-0.15735837817192078,-0.13060353696346283,-0.06004824861884117,-0.031193682923913002,-0.029769495129585266,0.0038740357849746943,-0.07869835942983627,-0.06406177580356598,0.04511915519833565,-0.0429157130420208,0.0583755299448967,-0.05585746094584465,-0.1415814459323883,-0.047202419489622116,-0.03712959960103035,0.14095190167427063,-0.09337235242128372,-0.0837503969669342,0.18734371662139893,-0.0016126043628901243,0.04164567217230797,-0.026699721813201904,0.07973657548427582,0.1348082274198532,-0.1656542420387268,0.09273472428321838,-0.06136002764105797,-0.03145094960927963,0.049622129648923874,-0.09482637792825699,-0.11315779387950897,0.06784012168645859,0.010203542187809944,-0.013499456457793713,0.15728779137134552,-0.009255613200366497,0.09141074866056442,-0.10931550711393356,0.010727082379162312
POST_F240467_23_21_R.jpg,-0.0741783082485199,0.044788096100091934,-0.05473432317376137,-0.030476635321974754,0.08142843842506409,0.15504485368728638,-0.07765617221593857,0.13591936230659485,0.011806738562881947,-0.08749798685312271,0.025897275656461716,0.025407729670405388,0.14699333906173706,-0.04461967572569847,0.003264875616878271,0.1026608794927597,-0.10158399492502213,0.09883423894643784,0.02696932852268219,-0.020586911588907242,0.08250809460878372,-0.029078558087348938,0.13745930790901184,0.164976105093956,-0.12577837705612183,-0.02138633280992508,0.08865942806005478,-0.05347922071814537,0.09037148207426071,-0.18223156034946442,0.15635941922664642,0.15984365344047546,0.0018269033171236515,0.09248782694339752,0.20742644369602203,0.042831920087337494,-0.03537549450993538,0.029406491667032242,-0.0443379171192646,-0.03283640742301941,-0.029745763167738914,0.04754940792918205,-0.11878697574138641,0.007634918205440044,-0.06602760404348373,0.0019577625207602978,0.11580320447683334,-0.05439736321568489,0.09094536304473877,-0.01872403733432293,0.10565097630023956,0.06971985101699829,0.07759371399879456,-0.011541417799890041,0.03464662656188011,0.012895853258669376,-0.0860404297709465,-0.051733292639255524,-0.08545402437448502,-0.04422009736299515,-0.03954024985432625,0.06196264177560806,-0.0028036292642354965,-0.16375955939292908,-0.07441696524620056,0.009107355028390884,-0.12343672662973404,0.02251911722123623,0.1811448633670807,-0.004603454377502203,-0.04360833019018173,0.04474988207221031,-0.03975987806916237,-0.0776846781373024,0.02615991421043873,-0.04986094310879707,-0.09665978699922562,0.11637962609529495,-0.04670709744095802,0.26412463188171387,0.012465626932680607,0.014490178786218166,-0.05628436058759689,-0.15811222791671753,-0.0571516789495945,0.08183587342500687,-0.019640609622001648,0.0844188705086708,-0.07215425372123718,-0.018051177263259888,-0.08052124083042145,0.05561677739024162,-0.11676682531833649,-0.018526829779148102,-0.028661875054240227,-0.09354747086763382,0.00019578651699703187,-0.12845879793167114,0.09297286719083786,-0.012081261724233627,-0.1231425330042839,-0.11192263662815094,0.0214570052921772,0.021860115230083466,-0.11750869452953339,-0.17372868955135345,0.05281626433134079,0.16989155113697052,0.005558711010962725,0.11502163112163544,0.1455262154340744,-0.10727579146623611,0.019723836332559586,0.018700260668992996,0.12581875920295715,-0.04980991408228874,0.10627100616693497,-0.11718764901161194,-0.0948890969157219,-0.013036433607339859,-0.018604297190904617,0.03969937562942505,0.06937707215547562,-0.04632954299449921,-0.05867154896259308,0.1485094130039215,-0.0187806598842144,0.06724033504724503
POST_F240468_23_21_L.jpg,-0.07244725525379181,0.05832629278302193,-0.04810053110122681,-0.015538379549980164,-0.023793887346982956,0.08866547048091888,-0.030015496537089348,0.15924853086471558,-0.0023039025254547596,-0.024435875937342644,0.008654148317873478,-0.03906259685754776,-0.03366083279252052,-0.0642213299870491,0.06553501635789871,-0.06226320564746857,-0.007771069649606943,0.0060339742340147495,0.010511238127946854,0.0058810715563595295,0.05987371504306793,0.03379647806286812,0.0875910073518753,0.09821878373622894,-0.17778952419757843,0.131016343832016,-0.02064328081905842,-0.0636301189661026,0.17425155639648438,0.023395925760269165,-0.047096170485019684,0.131868377327919,-0.05904300510883331,-0.08636268228292465,0.10069906711578369,0.054631393402814865,0.007587421219795942,0.10331286489963531,0.06542432308197021,0.021913237869739532,0.04597688838839531,-0.0367625430226326,-0.03949688747525215,-0.07994262874126434,-0.052797261625528336,0.009047738276422024,0.19138848781585693,0.03317099064588547,-0.06762906163930893,-0.10381908714771271,0.07687355577945709,-0.0016258839750662446,0.06960449367761612,-0.03946287930011749,-0.0927145779132843,0.1136365607380867,-0.05047373101115227,-0.009395837783813477,-0.019989971071481705,-0.019434496760368347,-0.10883962363004684,0.10046269744634628,-0.1619848608970642,0.15244972705841064,-0.08761917799711227,0.06395356357097626,-0.010094264522194862,0.10665307193994522,0.22206823527812958,-0.012225496582686901,0.011759915389120579,-0.191219761967659,-0.11275012791156769,-0.0561370849609375,-0.03587273135781288,0.03862755373120308,0.05730574578046799,0.13616035878658295,-0.1861942857503891,0.3006945252418518,-0.05849282816052437,0.09652123600244522,0.029198287054896355,-0.1277792900800705,-0.19306328892707825,-0.0017345135565847158,-0.027200257405638695,0.02258959598839283,-0.06450649350881577,-0.027840353548526764,0.0013505334500223398,-0.0025791048537939787,-0.045261841267347336,0.04428195580840111,0.0010629621101543307,-0.06227904558181763,-0.02883397787809372,-0.05390184000134468,-0.0811050608754158,0.18255147337913513,-0.0015636986354365945,-0.12588293850421906,-0.022816242650151253,-0.01818670891225338,0.0015989959938451648,-0.04510713741183281,-0.0721026360988617,0.10880184918642044,-0.023045770823955536,0.09113268554210663,0.022777345031499863,-0.0366913340985775,0.20495706796646118,-0.09307266026735306,0.14078883826732635,-0.04875408858060837,-0.014746634289622307,-0.041198160499334335,0.02672259509563446,-0.016047148033976555,0.007817787118256092,0.05969562008976936,-0.008903199806809425,-0.018758976832032204,-0.02534620091319084,0.20373831689357758,-0.16884276270866394,0.0025464389473199844
POST_F240470_23_21_R.jpg,-0.03844863548874855,0.013873068615794182,-0.01359668280929327,-0.08167262375354767,0.03870973363518715,0.02983292192220688,0.044947750866413116,0.23235811293125153,-0.00854162685573101,-0.04198702424764633,0.05693439021706581,0.017584724351763725,0.052949994802474976,-0.01971450261771679,0.021800553426146507,0.03862207755446434,-0.09815334528684616,0.1065477654337883,-0.012987393885850906,-0.04656689241528511,0.11296816915273666,0.025676986202597618,0.11666084825992584,0.06275337189435959,-0.04752952605485916,0.09665609151124954,0.022458117455244064,-0.0026857610791921616,0.09005977213382721,-0.01448607724159956,0.00017585678142495453,0.18726272881031036,-0.01830458827316761,0.08735780417919159,0.07987646013498306,-0.10228610783815384,-0.0745924711227417,0.010992481373250484,0.10683570802211761,0.025978580117225647,-0.01753256469964981,0.10433787107467651,0.027730360627174377,0.027984619140625,0.01027914322912693,0.08599366247653961,0.08582647889852524,0.06997264176607132,0.02633310668170452,-0.06514596939086914,0.13722655177116394,-0.041676707565784454,0.15455041825771332,-0.0633019283413887,-0.07246971875429153,0.10302051901817322,-0.00040762146818451583,-0.06113626807928085,-0.04224298521876335,-0.0874527171254158,0.04867958277463913,0.09354695677757263,0.03957754746079445,0.05729367583990097,-0.05257442221045494,0.04290173947811127,0.09016743302345276,0.16287630796432495,0.06754998862743378,-0.11082954704761505,-0.01531693059951067,-0.11772728711366653,-0.13124790787696838,-0.1426132172346115,-0.029123714193701744,-0.08704663068056107,-0.03380173444747925,0.16299059987068176,-0.21467538177967072,0.06390099227428436,0.04953592270612717,0.10018932819366455,0.04868901148438454,-0.11776036769151688,-0.11287183314561844,0.15525609254837036,-0.0675613209605217,0.0058892872184515,0.1363285481929779,-0.11319312453269958,-0.08050412684679031,0.14272795617580414,0.02590804360806942,-0.020093398168683052,0.08356810361146927,-0.03736291453242302,-0.03257094323635101,-0.1442854255437851,0.0955769270658493,-0.013193892315030098,-0.1327829211950302,-0.18249475955963135,0.052889954298734665,-0.08319631963968277,0.10243593901395798,-0.15003852546215057,-0.025469698011875153,0.15671831369400024,0.06754721701145172,0.18667414784431458,-0.03810608386993408,0.037522681057453156,-0.013091420754790306,-0.06560809165239334,0.11393865942955017,0.01442963257431984,-0.0001452900469303131,-0.12135205417871475,-0.09386399388313293,-0.02122386544942856,0.013132302090525627,-0.020898381248116493,-0.03815104812383652,0.160213902592659,0.050699517130851746,0.13997378945350647,-0.15190939605236053,0.018387706950306892
POST_F240471_23_21_L.jpg,0.0788576602935791,-0.0770748108625412,-0.11393675208091736,0.03955433890223503,-0.0282126534730196,0.11776753515005112,0.022206759080290794,0.20326094329357147,0.10963469743728638,0.0800270214676857,-0.015067378990352154,-0.14234718680381775,0.09376043826341629,-0.03275354579091072,-0.03033461421728134,0.06072484701871872,-0.16941888630390167,0.21730902791023254,-0.048576850444078445,-0.008921340107917786,0.19831283390522003,0.04945051670074463,0.054630912840366364,0.04040241241455078,0.01310096587985754,0.018308281898498535,0.046725329011678696,0.0780758187174797,0.03742771968245506,-0.019804183393716812,0.09340134263038635,0.048953332006931305,-0.09960440546274185,0.06524620950222015,0.14596794545650482,-0.22484846413135529,0.05878937616944313,-0.011145945638418198,-0.02165844663977623,0.12304721772670746,-0.01531659159809351,-0.04216800257563591,-0.1117519810795784,0.02767030894756317,-0.04028473049402237,0.09127466380596161,0.2420129030942917,0.037263575941324234,0.14380179345607758,0.14506590366363525,0.15004953742027283,0.10091828554868698,-0.01811075583100319,0.005090684629976749,-0.002770110033452511,0.019875600934028625,0.005431524012237787,-0.13625915348529816,-0.10814676433801651,-0.053617458790540695,0.010301591828465462,0.14264212548732758,0.0870172306895256,-0.0775793269276619,0.046528786420822144,0.04220370575785637,-0.005362871568650007,0.05040501803159714,0.15465310215950012,-0.09507708996534348,-0.04570489376783371,0.025642966851592064,-0.059260956943035126,-0.17606787383556366,-0.07267720997333527,0.03095828741788864,-0.036630384624004364,0.13004358112812042,-0.12381552159786224,0.07832510769367218,0.053599096834659576,0.09247396886348724,-0.04853490740060806,-0.012767720967531204,0.052276283502578735,-0.0804453045129776,0.0681087076663971,0.03514697775244713,-0.012857569381594658,-0.11318526417016983,-0.08664689213037491,-0.025340870022773743,-0.10286323726177216,-0.10303857177495956,0.011973371729254723,-0.06997327506542206,0.09561280161142349,0.021794361993670464,0.01576526090502739,0.05994993820786476,-0.097342848777771,0.04521915689110756,-0.08891303092241287,-0.058558139950037,0.029662085697054863,-0.09549598395824432,-0.08704056590795517,0.1333773136138916,-0.07078773528337479,0.03303619846701622,-0.004531261045485735,0.007662464398890734,-0.05411447584629059,-0.13250583410263062,0.057596806436777115,0.08692359179258347,-0.03519587963819504,0.12318120151758194,0.034270212054252625,-0.11893818527460098,-0.08169633895158768,0.06435561925172806,0.008815048262476921,0.06836678832769394,-0.12242201715707779,-0.006304383277893066,-0.09151052683591843,0.07200444489717484
POST_F240475_23_21_L.jpg,0.04677721485495567,-0.008902492001652718,-0.057006239891052246,-0.07975384593009949,-0.06969042122364044,0.10642006248235703,0.0290223378688097,0.22410865128040314,-0.047888558357954025,-0.03803996369242668,-0.029688220471143723,0.021453190594911575,0.11490898579359055,-0.16187189519405365,-0.10971784591674805,-0.017611758783459663,-0.08022835850715637,0.02703467756509781,0.06543659418821335,0.13265986740589142,0.09145502746105194,0.02447645366191864,0.09908930212259293,0.04427676647901535,-0.1809273213148117,-0.07517329603433609,-0.002471510786563158,-0.013680112548172474,0.0901227667927742,0.048130445182323456,-0.05863017961382866,0.05100196599960327,-0.0603039413690567,0.0684681087732315,0.0673658475279808,-0.02120755985379219,0.09837961196899414,-0.035093042999506,0.24472805857658386,-0.08284400403499603,-0.011607356369495392,0.01680375263094902,-0.0012534258421510458,0.010045381262898445,-0.01516270637512207,-0.010941815562546253,0.07267682999372482,-0.0035165317822247744,0.050664376467466354,-0.010856993496418,0.17875394225120544,0.0922030583024025,0.17332522571086884,-0.035411424934864044,-0.25501182675361633,-0.01210184209048748,-0.03683947026729584,0.014860739931464195,-0.10278298705816269,-0.05190442129969597,-0.06990503519773483,0.11271888762712479,-0.06473125517368317,0.14692281186580658,0.007116223685443401,-0.017156735062599182,0.009022096171975136,0.06555711477994919,0.2031310498714447,-0.09639834612607956,-0.04150187969207764,-0.049141623079776764,-0.08217998594045639,-0.15914006531238556,0.006510057486593723,0.1198844462633133,0.03341474384069443,0.08064714074134827,-0.15188831090927124,0.21550975739955902,0.044566862285137177,0.09504178911447525,0.1071779876947403,-0.08470902591943741,0.0242116991430521,0.002263312926515937,0.10880099982023239,0.09331749379634857,0.1410655677318573,0.046887919306755066,-0.1009487435221672,-0.05933062359690666,-0.17542442679405212,-0.07744137942790985,0.009241181425750256,0.09770868718624115,-0.031059211120009422,0.02004612796008587,0.04962978884577751,0.0007059985073283315,-0.03201991319656372,-0.09704142063856125,0.029089849442243576,-0.11414098739624023,0.18335649371147156,-0.08034326881170273,-0.027766112238168716,0.0260202344506979,0.023915238678455353,0.004139178432524204,0.10773283988237381,-0.012458889745175838,0.010931561700999737,-0.09246797859668732,0.06443443894386292,-0.018396593630313873,-0.07966092973947525,-0.09072539210319519,-0.08657047897577286,-0.0007071812869980931,-0.002759499941021204,0.10276807099580765,-0.05932900309562683,-0.02020975761115551,0.043038614094257355,0.09026149660348892,-0.06722787022590637,0.04343956336379051
POST_F240476_23_21_R.jpg,-0.007265898399055004,-0.04348449409008026,-0.02664824016392231,0.011561994440853596,-0.03157257288694382,0.12372128665447235,0.010802913457155228,-0.10714711993932724,0.017637163400650024,-0.16938555240631104,0.014158789068460464,0.0362752228975296,-0.110871322453022,-0.08675443381071091,0.11861943453550339,-0.01556803286075592,0.03786458447575569,0.10020796954631805,-0.016944343224167824,-0.027704529464244843,0.04068810120224953,-0.12928900122642517,0.11636054515838623,0.02562352828681469,-0.2626739740371704,-0.07472997903823853,-0.10105398297309875,-0.07618877291679382,0.10228339582681656,-0.15341956913471222,0.02725527249276638,0.19702550768852234,-0.018907809630036354,0.10349433869123459,-0.006026203278452158,-0.04046554118394852,-0.018474780023097992,0.047792043536901474,0.0789661630988121,-0.029496168717741966,0.15180149674415588,0.10826721787452698,-0.06341800838708878,-0.0913507416844368,0.12500838935375214,0.0739528015255928,0.08168119192123413,0.09728950262069702,-0.1972745656967163,0.01880919560790062,0.06079282984137535,-0.14073973894119263,-0.059014834463596344,0.020819755271077156,-0.08262450248003006,0.06696364283561707,0.08498789370059967,-0.1311388909816742,-0.042158227413892746,-0.09820568561553955,-0.01996796764433384,-0.060798708349466324,0.0058227768167853355,0.08038575202226639,0.008022790774703026,0.14750869572162628,-0.12826891243457794,0.11319287866353989,-0.0038885781541466713,-0.007283436134457588,-0.0039674146100878716,-0.027763912454247475,0.008077692240476608,-0.08578165620565414,0.0008049072930589318,0.05747133865952492,0.06614692509174347,0.02496575005352497,-0.12080809473991394,-0.08203286677598953,0.052208319306373596,0.07555919885635376,-0.04505007341504097,-0.027303414419293404,-0.0708961933851242,-0.0782683864235878,-0.03687020018696785,-0.04058169201016426,-0.09206259995698929,-0.012514184229075909,-0.06948006898164749,0.09402894228696823,0.012088037095963955,0.18513531982898712,0.07433359324932098,-0.08850153535604477,0.042269833385944366,0.059029851108789444,-0.00531784538179636,0.05005538836121559,0.032922256737947464,0.10821203887462616,0.1642310917377472,-0.05946625396609306,0.10489296913146973,0.05525735020637512,0.06592866778373718,0.11607761681079865,-0.1734156310558319,0.1404886245727539,-0.053701840341091156,-0.04066964238882065,-0.14787860214710236,-0.04208529368042946,0.05739228054881096,0.08016280829906464,0.07283291220664978,-0.08912333101034164,-0.08351258933544159,0.03937799483537674,0.005191836506128311,-0.12894845008850098,0.027537571266293526,-0.007083716336637735,0.14962159097194672,-0.13518865406513214,0.16682103276252747,-0.03562557324767113
POST_F240477_23_21_L.jpg,-0.10393791645765305,0.00729471305385232,-0.039217785000801086,-0.005875123664736748,-0.019313624128699303,0.11441516876220703,0.008707940578460693,0.09110323339700699,0.03517697751522064,0.03736799582839012,0.07265688478946686,0.006561073940247297,0.0822288766503334,-0.1486259251832962,0.01745014451444149,0.04887506738305092,-0.09271175414323807,0.13480518758296967,0.041973844170570374,0.08316817879676819,0.09676156938076019,-0.015390019863843918,0.16204197704792023,0.06906112283468246,-0.22845782339572906,0.021160993725061417,-0.03587843105196953,-0.13145709037780762,0.08725780248641968,-0.11272259801626205,0.033679503947496414,0.12017503380775452,-0.008482638746500015,0.04551860690116882,0.17014577984809875,-0.0008410580339841545,-0.039640214294195175,0.05583449453115463,0.03561896085739136,0.06274724751710892,0.005907030310481787,0.03777744621038437,-0.03367673233151436,-0.04475543275475502,-0.12087968736886978,0.04245127737522125,0.26612237095832825,-0.06587010622024536,-0.08284527063369751,-0.04390685260295868,0.038439903408288956,0.009006233885884285,0.01842733845114708,-0.04849141836166382,-0.03932976722717285,-0.0010753265814855695,-0.013812659308314323,-0.08383290469646454,0.011430871672928333,-0.019785726442933083,-0.07377734035253525,0.1490880846977234,-0.13266022503376007,0.035609714686870575,-0.0515492781996727,0.018736429512500763,0.03201974183320999,0.14718255400657654,0.2594589293003082,0.030650319531559944,-0.008509909734129906,-0.22952599823474884,-0.11564616113901138,-0.14172938466072083,-0.05048878863453865,0.07336176931858063,-0.015878435224294662,0.13406044244766235,-0.1729312539100647,0.3060566186904907,0.04266786202788353,0.036499425768852234,-0.03044114075601101,-0.14250120520591736,-0.09236820787191391,-0.023243555799126625,0.08985541015863419,0.0490526407957077,-0.026601659134030342,0.0008102681022137403,-0.071610227227211,0.023834874853491783,-0.10178747773170471,0.04403284192085266,-0.01288618240505457,-0.09062105417251587,0.019396726042032242,-0.036097507923841476,-0.055103883147239685,0.0068115005269646645,-0.078465037047863,-0.08974257856607437,-0.02347266487777233,-0.03217924386262894,0.000875622674357146,-0.008602038025856018,-0.04706532508134842,0.11308079957962036,-0.02211323194205761,0.12285461276769638,0.07705599069595337,-0.010878641158342361,0.05475851148366928,-0.011139152571558952,0.13821099698543549,-0.016600491479039192,0.043143101036548615,-0.068122498691082,-0.048174791038036346,-0.04755062237381935,-0.08851223438978195,-0.011816891841590405,-0.012120604515075684,-0.05151618272066116,-0.03466974198818207,0.13425034284591675,-0.11096260696649551,0.05412331223487854
